station_id,station,lines,local_authority,fare_zone,opened_on,annual_usage,area_served,url
0,Acton Town,DP,Ealing,3,1 Jul 1879,4.93,Acton,https://www.google.com/maps?q=Acton+Town+Underground+station
1,Aldgate,OM,City of London,1,18 Nov 1876,6.9,Portsoken,https://www.google.com/maps?q=Aldgate+Underground+station
2,Aldgate East,DH,Tower Hamlets,1,6 Oct 1884,10.23,Whitechapel,https://www.google.com/maps?q=Aldgate+East+Underground+station
3,Alperton,P,Brent,4,28 Jun 1903,2.3,Alperton,https://www.google.com/maps?q=Alperton+Underground+station
4,Amersham,M,Buckinghamshire,9,1 Sep 1892,1.66,Amersham,https://www.google.com/maps?q=Amersham+Underground+station
5,Angel,N,Islington,1,17 Nov 1901,12.37,Angel,https://www.google.com/maps?q=Angel+Underground+station
6,Archway,N,Islington,23,22 Jun 1907,6.8,Archway,https://www.google.com/maps?q=Archway+Underground+station
7,Arnos Grove,P,Enfield,4,19 Sep 1932,3.3,Arnos Grove,https://www.google.com/maps?q=Arnos+Grove+Underground+station
8,Arsenal,P,Islington,2,15 Dec 1906,2.12,Highbury,https://www.google.com/maps?q=Arsenal+Underground+station
9,Baker Street,BOHJM,City of Westminster,1,10 Jan 1863,20.52,Marylebone,https://www.google.com/maps?q=Baker+Street+Underground+station
10,Balham,N,Wandsworth,3,6 Dec 1926,9.22,Balham,https://www.google.com/maps?q=Balham+Underground+station
11,Bank,CNW,City of London,1,8 Aug 1898,34.41,City of London,https://www.google.com/maps?q=Bank+Underground+station
12,Barbican,OHM,City of London,1,23 Dec 1865,5.36,Barbican,https://www.google.com/maps?q=Barbican+Underground+station
13,Barking,DH,Barking and Dagenham,4,2 Jun 1902,14.56,Barking,https://www.google.com/maps?q=Barking+Underground+station
14,Barkingside,C,Redbridge,4,31 May 1948,1.12,Barkingside,https://www.google.com/maps?q=Barkingside+Underground+station
15,Barons Court,DP,Hammersmith and Fulham,2,9 Oct 1905,5.11,West Kensington,https://www.google.com/maps?q=Barons+Court+Underground+station
16,Battersea Power Station,N,Wandsworth,1,20 Sep 2021[4],8.65,Battersea,https://www.google.com/maps?q=Battersea+Power+Station+Underground+station
17,Bayswater,OD,City of Westminster,1,1 Oct 1868,3.34,Bayswater,https://www.google.com/maps?q=Bayswater+Underground+station
18,Becontree,D,Barking and Dagenham,5,18 Jul 1932,2.67,Becontree,https://www.google.com/maps?q=Becontree+Underground+station
19,Belsize Park,N,Camden,2,22 Jun 1907,4.59,Belsize Park,https://www.google.com/maps?q=Belsize+Park+Underground+station
20,Bermondsey,J,Southwark,2,17 Sep 1999,6.68,Bermondsey,https://www.google.com/maps?q=Bermondsey+Underground+station
21,Bethnal Green,C,Tower Hamlets,2,4 Dec 1946,10.2,Bethnal Green,https://www.google.com/maps?q=Bethnal+Green+Underground+station
22,Blackfriars,OD,City of London,1,30 May 1870,9.41,Blackfriars,https://www.google.com/maps?q=Blackfriars+Underground+station
23,Blackhorse Road,V,Waltham Forest,3,1 Sep 1968,8.51,Walthamstow,https://www.google.com/maps?q=Blackhorse+Road+Underground+station
24,Bond Street,CJ,City of Westminster,1,24 Sep 1900,35.41,Mayfair,https://www.google.com/maps?q=Bond+Street+Underground+station
25,Borough,N,Southwark,1,18 Dec 1890,3.74,Southwark,https://www.google.com/maps?q=Borough+Underground+station
26,Boston Manor,P,EalingHounslow,4,1 May 1883,1.49,Hanwell,https://www.google.com/maps?q=Boston+Manor+Underground+station
27,Bounds Green,P,Haringey,34,19 Sep 1932,4.15,Bounds Green,https://www.google.com/maps?q=Bounds+Green+Underground+station
28,Bow Road,DH,Tower Hamlets,2,11 Jun 1902,3.83,Bow,https://www.google.com/maps?q=Bow+Road+Underground+station
29,Brent Cross,N,Barnet,3,19 Nov 1923,2.04,Brent Cross,https://www.google.com/maps?q=Brent+Cross+Underground+station
30,Brixton,V,Lambeth,2,23 Jul 1971,21.32,Brixton,https://www.google.com/maps?q=Brixton+Underground+station
31,Bromley-by-Bow,DH,Tower Hamlets,23,2 Jun 1902,3.43,Bromley-by-Bow,https://www.google.com/maps?q=Bromley-by-Bow+Underground+station
32,Buckhurst Hill,C,Epping Forest,5,21 Nov 1948,1.68,Buckhurst Hill,https://www.google.com/maps?q=Buckhurst+Hill+Underground+station
33,Burnt Oak,N,Barnet,4,27 Oct 1924,3.11,Burnt Oak,https://www.google.com/maps?q=Burnt+Oak+Underground+station
34,Caledonian Road,P,Islington,2,15 Dec 1906,4.18,Holloway,https://www.google.com/maps?q=Caledonian+Road+Underground+station
35,Camden Town,N,Camden,2,22 Jun 1907,17.34,Camden Town,https://www.google.com/maps?q=Camden+Town+Underground+station
36,Canada Water,J,Southwark,2,17 Sep 1999,10.57,Canada Water,https://www.google.com/maps?q=Canada+Water+Underground+station
37,Canary Wharf,J,Tower Hamlets,2,17 Sep 1999,30.68,Canary Wharf,https://www.google.com/maps?q=Canary+Wharf+Underground+station
38,Canning Town,J,Newham,23,14 May 1999,11.59,Canning Town,https://www.google.com/maps?q=Canning+Town+Underground+station
39,Cannon Street,OD,City of London,1,6 Oct 1884,3.79,City of London,https://www.google.com/maps?q=Cannon+Street+Underground+station
40,Canons Park,J,Harrow,5,10 Dec 1932,2.06,Stanmore,https://www.google.com/maps?q=Canons+Park+Underground+station
41,Chalfont & Latimer,M,Buckinghamshire,8,8 Jul 1889,1.3,Little Chalfont,https://www.google.com/maps?q=Chalfont+&+Latimer+Underground+station
42,Chalk Farm,N,Camden,2,22 Jun 1907,4.0,Chalk Farm,https://www.google.com/maps?q=Chalk+Farm+Underground+station
43,Chancery Lane,C,City of LondonCamden,1,30 Jul 1900,8.53,Holborn,https://www.google.com/maps?q=Chancery+Lane+Underground+station
44,Charing Cross,BN,City of Westminster,1,10 Mar 1906,13.66,Charing Cross,https://www.google.com/maps?q=Charing+Cross+Underground+station
45,Chesham,M,Buckinghamshire,9,8 Jul 1889,0.87,Chesham,https://www.google.com/maps?q=Chesham+Underground+station
137,Leyton,C,Waltham Forest,3,5 May 1947,8.36,Leyton,https://www.google.com/maps?q=Leyton+Underground+station
46,Chigwell,C,Epping Forest,4,21 Nov 1948,0.31,Chigwell,https://www.google.com/maps?q=Chigwell+Underground+station
47,Chiswick Park,D,Ealing,3,1 Jul 1879,1.9,Chiswick,https://www.google.com/maps?q=Chiswick+Park+Underground+station
48,Chorleywood,M,Three Rivers,7,8 Jul 1889,1.34,Chorleywood,https://www.google.com/maps?q=Chorleywood+Underground+station
49,Clapham Common,N,Lambeth,2,3 Jun 1900,7.71,Clapham,https://www.google.com/maps?q=Clapham+Common+Underground+station
50,Clapham North,N,Lambeth,2,3 Jun 1900,5.22,Clapham,https://www.google.com/maps?q=Clapham+North+Underground+station
51,Clapham South,N,Wandsworth,23,13 Sep 1926,6.13,Clapham,https://www.google.com/maps?q=Clapham+South+Underground+station
52,Cockfosters,P,Enfield,5,31 Jul 1933,1.41,Cockfosters,https://www.google.com/maps?q=Cockfosters+Underground+station
53,Colindale,N,Barnet,4,18 Aug 1924,5.95,Colindale,https://www.google.com/maps?q=Colindale+Underground+station
54,Colliers Wood,N,Merton,3,13 Sep 1926,4.99,Colliers Wood,https://www.google.com/maps?q=Colliers+Wood+Underground+station
55,Covent Garden,P,City of Westminster,1,11 Apr 1907,12.99,Covent Garden,https://www.google.com/maps?q=Covent+Garden+Underground+station
56,Croxley,M,Three Rivers,7,2 Nov 1925,0.81,Croxley Green,https://www.google.com/maps?q=Croxley+Underground+station
57,Dagenham East,D,Barking and Dagenham,5,2 Jun 1902,2.33,Dagenham,https://www.google.com/maps?q=Dagenham+East+Underground+station
58,Dagenham Heathway,D,Barking and Dagenham,5,12 Sep 1932,4.45,Dagenham,https://www.google.com/maps?q=Dagenham+Heathway+Underground+station
59,Debden,C,Epping Forest,6,25 Sep 1949,1.77,Debden,https://www.google.com/maps?q=Debden+Underground+station
60,Dollis Hill,J,Brent,3,1 Oct 1909,2.93,Dollis Hill,https://www.google.com/maps?q=Dollis+Hill+Underground+station
61,Ealing Broadway,CD,Ealing,3,1 Jul 1879,13.43,Ealing,https://www.google.com/maps?q=Ealing+Broadway+Underground+station
62,Ealing Common,DP,Ealing,3,1 Jul 1879,2.02,Ealing,https://www.google.com/maps?q=Ealing+Common+Underground+station
63,Earl's Court,DP,Kensington and Chelsea,12,30 Oct 1871,15.18,Earl's Court,https://www.google.com/maps?q=Earl's+Court+Underground+station
64,East Acton,C,Hammersmith and Fulham,2,3 Aug 1920,2.71,Acton,https://www.google.com/maps?q=East+Acton+Underground+station
65,East Finchley,N,Barnet,3,3 Jul 1939,4.95,Finchley,https://www.google.com/maps?q=East+Finchley+Underground+station
66,East Ham,DH,Newham,34,2 Jun 1902,9.89,East Ham,https://www.google.com/maps?q=East+Ham+Underground+station
67,East Putney,D,Wandsworth,23,3 Jun 1889,5.02,Putney,https://www.google.com/maps?q=East+Putney+Underground+station
68,Eastcote,MP,Hillingdon,5,26 May 1906,1.99,Eastcote,https://www.google.com/maps?q=Eastcote+Underground+station
69,Edgware,N,Barnet,5,18 Aug 1924,3.93,Edgware,https://www.google.com/maps?q=Edgware+Underground+station
70,Edgware Road,B,City of Westminster,1,15 Jun 1907,3.51,Paddington,https://www.google.com/maps?q=Edgware+Road+Underground+station
71,Edgware Road,ODH,City of Westminster,1,1 Oct 1863,5.07,Paddington,https://www.google.com/maps?q=Edgware+Road+Underground+station
72,Elephant & Castle,BN,Southwark,12,18 Dec 1890,13.3,Elephant & Castle,https://www.google.com/maps?q=Elephant+&+Castle+Underground+station
73,Elm Park,D,Havering,6,13 May 1935,2.23,Elm Park,https://www.google.com/maps?q=Elm+Park+Underground+station
74,Embankment,BODN,City of Westminster,1,30 May 1870,15.13,Charing Cross,https://www.google.com/maps?q=Embankment+Underground+station
75,Epping,C,Epping Forest,6,25 Sep 1949,3.02,Epping,https://www.google.com/maps?q=Epping+Underground+station
76,Euston,NV,Camden,1,22 Jun 1907,27.69,Camden,https://www.google.com/maps?q=Euston+Underground+station
77,Euston Square,OHM,Camden,1,10 Jan 1863,10.33,Camden,https://www.google.com/maps?q=Euston+Square+Underground+station
78,Fairlop,C,Redbridge,4,31 May 1948,0.87,Fairlop,https://www.google.com/maps?q=Fairlop+Underground+station
79,Farringdon,OHM,Islington,1,10 Jan 1863,30.07,Clerkenwell,https://www.google.com/maps?q=Farringdon+Underground+station
80,Finchley Central,N,Barnet,4,14 Apr 1940,6.0,Finchley,https://www.google.com/maps?q=Finchley+Central+Underground+station
81,Finchley Road,JM,Camden,2,30 Jun 1879,6.68,West Hampstead,https://www.google.com/maps?q=Finchley+Road+Underground+station
82,Finsbury Park,PV,Islington,2,15 Dec 1906,23.4,Finsbury Park,https://www.google.com/maps?q=Finsbury+Park+Underground+station
83,Fulham Broadway,D,Hammersmith and Fulham,2,1 Mar 1880,6.52,Walham Green,https://www.google.com/maps?q=Fulham+Broadway+Underground+station
84,Gants Hill,C,Redbridge,4,14 Dec 1947,4.75,Gants Hill,https://www.google.com/maps?q=Gants+Hill+Underground+station
85,Gloucester Road,ODP,Kensington and Chelsea,1,1 Oct 1868,10.49,South Kensington,https://www.google.com/maps?q=Gloucester+Road+Underground+station
86,Golders Green,N,Barnet,3,22 Jun 1907,5.79,Golders Green,https://www.google.com/maps?q=Golders+Green+Underground+station
87,Goldhawk Road,OH,Hammersmith and Fulham,2,1 Apr 1914,1.68,Shepherd's Bush,https://www.google.com/maps?q=Goldhawk+Road+Underground+station
88,Goodge Street,N,Camden,1,22 Jun 1907,5.15,Fitzrovia,https://www.google.com/maps?q=Goodge+Street+Underground+station
89,Grange Hill,C,Epping Forest,4,21 Nov 1948,0.37,Chigwell,https://www.google.com/maps?q=Grange+Hill+Underground+station
90,Great Portland Street,OHM,City of Westminster,1,10 Jan 1863,5.16,Fitzrovia,https://www.google.com/maps?q=Great+Portland+Street+Underground+station
91,Greenford,C,Ealing,4,30 Jun 1947,3.29,Greenford,https://www.google.com/maps?q=Greenford+Underground+station
92,Green Park,JPV,City of Westminster,1,15 Dec 1906,28.42,Westminster,https://www.google.com/maps?q=Green+Park+Underground+station
93,Gunnersbury,D,Hounslow,3,1 Jun 1877,3.87,Gunnersbury,https://www.google.com/maps?q=Gunnersbury+Underground+station
94,Hainault,C,Redbridge,4,31 May 1948,2.8,Hainault,https://www.google.com/maps?q=Hainault+Underground+station
95,Hammersmith,DP,Hammersmith and Fulham,2,9 Sep 1874,20.06,Hammersmith,https://www.google.com/maps?q=Hammersmith+Underground+station
96,Hammersmith,OH,Hammersmith and Fulham,2,13 Jun 1864,8.04,Hammersmith,https://www.google.com/maps?q=Hammersmith+Underground+station
97,Hampstead,N,Camden,23,22 Jun 1907,3.61,Hampstead,https://www.google.com/maps?q=Hampstead+Underground+station
98,Hanger Lane,C,Ealing,3,30 Jun 1947,2.58,Hanger Hill,https://www.google.com/maps?q=Hanger+Lane+Underground+station
99,Harlesden,B,Brent,3,16 Apr 1917,2.33,Harlesden,https://www.google.com/maps?q=Harlesden+Underground+station
100,Harrow & Wealdstone,B,Harrow,5,16 Apr 1917,3.23,Wealdstone,https://www.google.com/maps?q=Harrow+&+Wealdstone+Underground+station
101,Harrow-on-the-Hill,M,Harrow,5,2 Aug 1880,8.22,Harrow,https://www.google.com/maps?q=Harrow-on-the-Hill+Underground+station
102,Hatton Cross,P,Hillingdon,56,19 Jul 1975,2.63,Hatton,https://www.google.com/maps?q=Hatton+Cross+Underground+station
103,Heathrow Terminals 2 & 3,P,Hillingdon,6,16 Dec 1977,5.73,Heathrow Airport,https://www.google.com/maps?q=Heathrow+Terminals+2+&+3+Underground+station
104,Heathrow Terminal 4,P,Hillingdon,6,12 Apr 1986,1.23,Heathrow Airport,https://www.google.com/maps?q=Heathrow+Terminal+4+Underground+station
105,Heathrow Terminal 5,P,Hillingdon,6,27 Mar 2008,3.63,Heathrow Airport,https://www.google.com/maps?q=Heathrow+Terminal+5+Underground+station
106,Hendon Central,N,Barnet,34,19 Nov 1923,4.94,Hendon,https://www.google.com/maps?q=Hendon+Central+Underground+station
107,High Barnet,N,Barnet,5,14 Apr 1940,3.17,Chipping Barnet,https://www.google.com/maps?q=High+Barnet+Underground+station
108,Highbury & Islington,V,Islington,2,1 Sep 1968,13.76,Highbury,https://www.google.com/maps?q=Highbury+&+Islington+Underground+station
109,Highgate,N,Haringey,3,19 Jan 1941,4.24,Highgate,https://www.google.com/maps?q=Highgate+Underground+station
110,High Street Kensington,OD,Kensington and Chelsea,1,1 Oct 1868,8.54,Kensington,https://www.google.com/maps?q=High+Street+Kensington+Underground+station
111,Hillingdon,MP,Hillingdon,6,10 Dec 1923,1.33,Hillingdon,https://www.google.com/maps?q=Hillingdon+Underground+station
112,Holborn,CP,Camden,1,15 Dec 1906,21.06,Holborn,https://www.google.com/maps?q=Holborn+Underground+station
113,Holland Park,C,Kensington and Chelsea,2,30 Jul 1900,2.65,Holland Park,https://www.google.com/maps?q=Holland+Park+Underground+station
114,Holloway Road,P,Islington,2,15 Dec 1906,5.23,Holloway,https://www.google.com/maps?q=Holloway+Road+Underground+station
115,Hornchurch,D,Havering,6,2 Jun 1902,1.47,Hornchurch,https://www.google.com/maps?q=Hornchurch+Underground+station
116,Hounslow Central,P,Hounslow,4,1 Apr 1886,2.88,Hounslow,https://www.google.com/maps?q=Hounslow+Central+Underground+station
117,Hounslow East,P,Hounslow,4,2 May 1909,3.22,Hounslow,https://www.google.com/maps?q=Hounslow+East+Underground+station
118,Hounslow West,P,Hounslow,5,21 Jul 1884,2.88,Hounslow,https://www.google.com/maps?q=Hounslow+West+Underground+station
119,Hyde Park Corner,P,City of Westminster,1,15 Dec 1906,4.74,Knightsbridge,https://www.google.com/maps?q=Hyde+Park+Corner+Underground+station
120,Ickenham,MP,Hillingdon,6,25 Sep 1905,0.82,Ickenham,https://www.google.com/maps?q=Ickenham+Underground+station
121,Kennington,N,Southwark,12,18 Dec 1890,4.41,Kennington,https://www.google.com/maps?q=Kennington+Underground+station
122,Kensal Green,B,Brent,2,1 Oct 1916,1.81,Kensal Green,https://www.google.com/maps?q=Kensal+Green+Underground+station
123,Kensington (Olympia),D,Kensington and Chelsea,2,1 Jul 1864,2.1,Kensington,https://www.google.com/maps?q=Kensington+(Olympia)+Underground+station
124,Kentish Town,N,Camden,2,22 Jun 1907,6.3,Kentish Town,https://www.google.com/maps?q=Kentish+Town+Underground+station
125,Kenton,B,Brent Harrow,4,16 Apr 1917,1.52,Kenton,https://www.google.com/maps?q=Kenton+Underground+station
126,Kew Gardens,D,Richmond,34,1 Jun 1877,3.97,Kew,https://www.google.com/maps?q=Kew+Gardens+Underground+station
127,Kilburn,J,Brent,2,24 Nov 1879,5.52,Kilburn,https://www.google.com/maps?q=Kilburn+Underground+station
128,Kilburn Park,B,Brent,2,31 Jan 1915,2.43,Kilburn,https://www.google.com/maps?q=Kilburn+Park+Underground+station
129,Kingsbury,J,Brent,4,10 Dec 1932,3.37,Kingsbury,https://www.google.com/maps?q=Kingsbury+Underground+station
130,King's Cross St Pancras,OHMNPV,Camden,1,10 Jan 1863,69.94,King's Cross,https://www.google.com/maps?q=King's+Cross+St+Pancras+Underground+station
131,Knightsbridge,P,Kensington and Chelsea,1,15 Dec 1906,13.27,Knightsbridge,https://www.google.com/maps?q=Knightsbridge+Underground+station
132,Ladbroke Grove,OH,Kensington and Chelsea,2,13 Jun 1864,5.1,Ladbroke Grove,https://www.google.com/maps?q=Ladbroke+Grove+Underground+station
133,Lambeth North,B,Lambeth,1,10 Mar 1906,2.57,Lambeth,https://www.google.com/maps?q=Lambeth+North+Underground+station
134,Lancaster Gate,C,City of Westminster,1,30 Jul 1900,3.65,Paddington,https://www.google.com/maps?q=Lancaster+Gate+Underground+station
135,Latimer Road,OH,Kensington and Chelsea,2,16 Dec 1868,3.65,North Kensington,https://www.google.com/maps?q=Latimer+Road+Underground+station
136,Leicester Square,NP,City of Westminster,1,15 Dec 1906,29.39,West End,https://www.google.com/maps?q=Leicester+Square+Underground+station
138,Leytonstone,C,Waltham Forest,34,5 May 1947,6.7,Leytonstone,https://www.google.com/maps?q=Leytonstone+Underground+station
139,Liverpool Street,COHM,City of London,1,1 Feb 1875,55.84,Bishopsgate,https://www.google.com/maps?q=Liverpool+Street+Underground+station
140,London Bridge,JN,Southwark,1,25 Feb 1900,56.2,Southwark,https://www.google.com/maps?q=London+Bridge+Underground+station
141,Loughton,C,Epping Forest,6,21 Nov 1948,2.65,Loughton,https://www.google.com/maps?q=Loughton+Underground+station
142,Maida Vale,B,City of Westminster,2,6 Jun 1915,2.5,Maida Vale,https://www.google.com/maps?q=Maida+Vale+Underground+station
143,Manor House,P,HackneyHaringey,23,19 Sep 1932,6.02,Manor House,https://www.google.com/maps?q=Manor+House+Underground+station
144,Mansion House,OD,City of London,1,3 Jul 1871,4.14,Castle Baynard,https://www.google.com/maps?q=Mansion+House+Underground+station
145,Marble Arch,C,City of Westminster,1,30 Jul 1900,9.6,Marylebone,https://www.google.com/maps?q=Marble+Arch+Underground+station
146,Marylebone,B,City of Westminster,1,27 Mar 1907,8.72,Marylebone,https://www.google.com/maps?q=Marylebone+Underground+station
147,Mile End,CDH,Tower Hamlets,2,2 Jun 1902,11.36,Mile End,https://www.google.com/maps?q=Mile+End+Underground+station
148,Mill Hill East,N,Barnet,4,18 May 1941,1.41,Mill Hill,https://www.google.com/maps?q=Mill+Hill+East+Underground+station
149,Monument,OD,City of London,1,6 Oct 1884,34.41,City of London,https://www.google.com/maps?q=Monument+Underground+station
150,Moorgate,OHMN,City of London,1,23 Dec 1865,20.01,Moorgate,https://www.google.com/maps?q=Moorgate+Underground+station
151,Moor Park,M,Three Rivers,67,9 May 1910,0.73,Moor Park,https://www.google.com/maps?q=Moor+Park+Underground+station
152,Morden,N,Merton,4,13 Sep 1926,7.68,Morden,https://www.google.com/maps?q=Morden+Underground+station
153,Mornington Crescent,N,Camden,2,22 Jun 1907,2.67,Camden Town,https://www.google.com/maps?q=Mornington+Crescent+Underground+station
154,Neasden,J,Brent,3,2 Aug 1880,2.49,Neasden,https://www.google.com/maps?q=Neasden+Underground+station
155,Newbury Park,C,Redbridge,4,14 Dec 1947,3.53,Newbury Park,https://www.google.com/maps?q=Newbury+Park+Underground+station
156,Nine Elms,N,Wandsworth,1,20 Sep 2021[4],3.47,Nine Elms,https://www.google.com/maps?q=Nine+Elms+Underground+station
157,North Acton,C,Ealing,23,5 Nov 1923,5.23,Acton,https://www.google.com/maps?q=North+Acton+Underground+station
158,North Ealing,P,Ealing,3,23 Jun 1903,0.59,Ealing,https://www.google.com/maps?q=North+Ealing+Underground+station
159,North Greenwich,J,Greenwich,23,14 May 1999,21.2,Greenwich,https://www.google.com/maps?q=North+Greenwich+Underground+station
160,North Harrow,M,Harrow,5,22 Mar 1915,1.31,Harrow,https://www.google.com/maps?q=North+Harrow+Underground+station
161,North Wembley,B,Brent,4,16 Apr 1917,1.2,North Wembley,https://www.google.com/maps?q=North+Wembley+Underground+station
162,Northfields,P,Ealing,3,16 Apr 1908,2.63,Northfields,https://www.google.com/maps?q=Northfields+Underground+station
163,Northolt,C,Ealing,5,21 Nov 1948,3.96,Northolt,https://www.google.com/maps?q=Northolt+Underground+station
164,Northwick Park,M,Brent,4,28 Jun 1923,3.17,Kenton,https://www.google.com/maps?q=Northwick+Park+Underground+station
165,Northwood,M,Hillingdon,6,1 Sep 1887,2.04,Northwood,https://www.google.com/maps?q=Northwood+Underground+station
166,Northwood Hills,M,Hillingdon,6,13 Nov 1933,1.34,Northwood,https://www.google.com/maps?q=Northwood+Hills+Underground+station
167,Notting Hill Gate,COD,Kensington and Chelsea,12,1 Oct 1868,11.69,Notting Hill,https://www.google.com/maps?q=Notting+Hill+Gate+Underground+station
168,Oakwood,P,Enfield,5,13 Mar 1933,2.23,Oakwood,https://www.google.com/maps?q=Oakwood+Underground+station
169,Old Street,N,Islington Hackney,1,17 Nov 1901,16.18,St Luke's,https://www.google.com/maps?q=Old+Street+Underground+station
170,Osterley,P,Hounslow,4,1 May 1883,1.74,Osterley,https://www.google.com/maps?q=Osterley+Underground+station
171,Oval,N,Lambeth,2,18 Dec 1890,5.36,Oval,https://www.google.com/maps?q=Oval+Underground+station
172,Oxford Circus,BCV,City of Westminster,1,30 Jul 1900,54.02,West End,https://www.google.com/maps?q=Oxford+Circus+Underground+station
173,Paddington,BOD,City of Westminster,1,1 Oct 1868,46.65,Paddington,https://www.google.com/maps?q=Paddington+Underground+station
174,Paddington,OH,City of Westminster,1,10 Jan 1863,46.65,Paddington,https://www.google.com/maps?q=Paddington+Underground+station
175,Park Royal,P,Ealing,3,23 Jun 1903,1.65,Park Royal,https://www.google.com/maps?q=Park+Royal+Underground+station
176,Parsons Green,D,Hammersmith and Fulham,2,1 Mar 1880,5.03,Parsons Green,https://www.google.com/maps?q=Parsons+Green+Underground+station
177,Perivale,C,Ealing,4,30 Jun 1947,1.69,Perivale,https://www.google.com/maps?q=Perivale+Underground+station
178,Piccadilly Circus,BP,City of Westminster,1,10 Mar 1906,27.68,West End,https://www.google.com/maps?q=Piccadilly+Circus+Underground+station
179,Pimlico,V,City of Westminster,1,14 Sep 1972,6.93,Pimlico,https://www.google.com/maps?q=Pimlico+Underground+station
180,Pinner,M,Harrow,5,25 May 1885,2.11,Pinner,https://www.google.com/maps?q=Pinner+Underground+station
181,Plaistow,DH,Newham,3,2 Jun 1902,4.01,Plaistow,https://www.google.com/maps?q=Plaistow+Underground+station
182,Preston Road,M,Brent,4,21 May 1908,2.3,Preston,https://www.google.com/maps?q=Preston+Road+Underground+station
183,Putney Bridge,D,Hammersmith and Fulham,2,1 Mar 1880,4.81,Fulham,https://www.google.com/maps?q=Putney+Bridge+Underground+station
184,Queen's Park,B,Brent,2,11 Feb 1915,4.15,Queen's Park,https://www.google.com/maps?q=Queen's+Park+Underground+station
185,Queensbury,J,Brent,4,16 Dec 1934,3.07,Queensbury,https://www.google.com/maps?q=Queensbury+Underground+station
186,Queensway,C,City of Westminster,1,30 Jul 1900,6.52,Bayswater,https://www.google.com/maps?q=Queensway+Underground+station
187,Ravenscourt Park,D,Hammersmith and Fulham,2,1 Jun 1877,2.58,Hammersmith,https://www.google.com/maps?q=Ravenscourt+Park+Underground+station
188,Rayners Lane,MP,Harrow,5,26 May 1906,3.04,Rayners Lane,https://www.google.com/maps?q=Rayners+Lane+Underground+station
189,Redbridge,C,Redbridge,4,14 Dec 1947,2.04,Redbridge,https://www.google.com/maps?q=Redbridge+Underground+station
190,Regent's Park,B,City of Westminster,1,10 Mar 1906,2.15,Marylebone,https://www.google.com/maps?q=Regent's+Park+Underground+station
191,Richmond,D,Richmond,4,1 Jun 1877,3.74,Richmond,https://www.google.com/maps?q=Richmond+Underground+station
192,Rickmansworth,M,Three Rivers,7,1 Sep 1887,1.77,Rickmansworth,https://www.google.com/maps?q=Rickmansworth+Underground+station
193,Roding Valley,C,Epping Forest Redbridge,4,21 Nov 1948,0.26,Buckhurst Hill,https://www.google.com/maps?q=Roding+Valley+Underground+station
194,Royal Oak,OH,City of Westminster,2,30 Oct 1871,1.98,Westbourne,https://www.google.com/maps?q=Royal+Oak+Underground+station
195,Ruislip,MP,Hillingdon,6,4 Jul 1904,1.37,Ruislip,https://www.google.com/maps?q=Ruislip+Underground+station
196,Ruislip Gardens,C,Hillingdon,5,29 Nov 1948,0.77,Ruislip,https://www.google.com/maps?q=Ruislip+Gardens+Underground+station
197,Ruislip Manor,MP,Hillingdon,6,5 Aug 1912,1.35,Ruislip,https://www.google.com/maps?q=Ruislip+Manor+Underground+station
198,Russell Square,P,Camden,1,15 Dec 1906,8.59,Bloomsbury,https://www.google.com/maps?q=Russell+Square+Underground+station
199,St James's Park,OD,City of Westminster,1,24 Dec 1868,8.54,St James's,https://www.google.com/maps?q=St+James's+Park+Underground+station
200,St John's Wood,J,City of Westminster,2,20 Nov 1939,5.63,St John's Wood,https://www.google.com/maps?q=St+John's+Wood+Underground+station
201,St Paul's,C,City of London,1,30 Jul 1900,9.13,Smithfield,https://www.google.com/maps?q=St+Paul's+Underground+station
202,Seven Sisters,V,Haringey,3,1 Sep 1968,16.72,Seven Sisters,https://www.google.com/maps?q=Seven+Sisters+Underground+station
203,Shepherd's Bush,C,Hammersmith and Fulham,2,30 Jul 1900,13.13,Shepherd's Bush,https://www.google.com/maps?q=Shepherd's+Bush+Underground+station
204,Shepherd's Bush Market,OH,Hammersmith and Fulham,2,13 Jun 1864,2.89,Shepherd's Bush,https://www.google.com/maps?q=Shepherd's+Bush+Market+Underground+station
205,Sloane Square,OD,Kensington and Chelsea,1,24 Dec 1868,12.77,Chelsea,https://www.google.com/maps?q=Sloane+Square+Underground+station
206,Snaresbrook,C,Redbridge,4,14 Dec 1947,1.67,Snaresbrook,https://www.google.com/maps?q=Snaresbrook+Underground+station
207,South Ealing,P,Ealing,3,1 May 1883,2.51,Ealing,https://www.google.com/maps?q=South+Ealing+Underground+station
208,South Harrow,P,Harrow,5,28 Jun 1903,1.67,Harrow,https://www.google.com/maps?q=South+Harrow+Underground+station
209,South Kensington,ODP,Kensington and Chelsea,1,24 Dec 1868,24.33,South Kensington,https://www.google.com/maps?q=South+Kensington+Underground+station
210,South Kenton,B,Brent,4,3 Jul 1933,1.01,Kenton,https://www.google.com/maps?q=South+Kenton+Underground+station
211,South Ruislip,C,Hillingdon,5,23 Nov 1948,1.41,South Ruislip,https://www.google.com/maps?q=South+Ruislip+Underground+station
212,South Wimbledon,N,Merton,34,13 Sep 1926,3.3,Wimbledon,https://www.google.com/maps?q=South+Wimbledon+Underground+station
213,South Woodford,C,Redbridge,4,14 Dec 1947,3.79,South Woodford,https://www.google.com/maps?q=South+Woodford+Underground+station
214,Southfields,D,Wandsworth,3,3 Jun 1889,4.45,Southfields,https://www.google.com/maps?q=Southfields+Underground+station
215,Southgate,P,Enfield,4,13 Mar 1933,3.78,Southgate,https://www.google.com/maps?q=Southgate+Underground+station
216,Southwark,J,Southwark,1,24 Sep 1999,8.92,Bankside,https://www.google.com/maps?q=Southwark+Underground+station
217,Stamford Brook,D,Hammersmith and Fulham,2,1 Feb 1912,2.11,Chiswick,https://www.google.com/maps?q=Stamford+Brook+Underground+station
218,Stanmore,J,Harrow,5,10 Dec 1932,2.9,Stanmore,https://www.google.com/maps?q=Stanmore+Underground+station
219,Stepney Green,DH,Tower Hamlets,2,23 Jun 1902,4.69,Stepney,https://www.google.com/maps?q=Stepney+Green+Underground+station
220,Stockwell,NV,Lambeth,2,18 Dec 1890,7.46,Stockwell,https://www.google.com/maps?q=Stockwell+Underground+station
221,Stonebridge Park,B,Brent,3,16 Apr 1917,2.2,Tokyngton,https://www.google.com/maps?q=Stonebridge+Park+Underground+station
222,Stratford,CJ,Newham,23,4 Dec 1946,47.88,Stratford,https://www.google.com/maps?q=Stratford+Underground+station
223,Sudbury Hill,P,Ealing Harrow,4,28 Jun 1903,1.51,Sudbury,https://www.google.com/maps?q=Sudbury+Hill+Underground+station
224,Sudbury Town,P,Brent Ealing,4,28 Jun 1903,1.39,Sudbury,https://www.google.com/maps?q=Sudbury+Town+Underground+station
225,Swiss Cottage,J,Camden,2,20 Nov 1939,4.94,Swiss Cottage,https://www.google.com/maps?q=Swiss+Cottage+Underground+station
226,Temple,OD,City of Westminster,1,30 May 1870,6.37,Temple,https://www.google.com/maps?q=Temple+Underground+station
227,Theydon Bois,C,Epping Forest,6,25 Sep 1949,0.68,Theydon Bois,https://www.google.com/maps?q=Theydon+Bois+Underground+station
228,Tooting Bec,N,Wandsworth,3,13 Sep 1926,5.94,Tooting,https://www.google.com/maps?q=Tooting+Bec+Underground+station
229,Tooting Broadway,N,Wandsworth,3,13 Sep 1926,11.62,Tooting,https://www.google.com/maps?q=Tooting+Broadway+Underground+station
230,Tottenham Court Road,CN,Camden,1,30 Jul 1900,48.95,St Giles,https://www.google.com/maps?q=Tottenham+Court+Road+Underground+station
231,Tottenham Hale,V,Haringey,3,1 Sep 1968,12.49,Tottenham Hale,https://www.google.com/maps?q=Tottenham+Hale+Underground+station
232,Totteridge & Whetstone,N,Barnet,4,14 Apr 1940,1.81,Whetstone,https://www.google.com/maps?q=Totteridge+&+Whetstone+Underground+station
233,Tower Hill,OD,Tower Hamlets,1,25 Sep 1882,15.4,Tower Hill,https://www.google.com/maps?q=Tower+Hill+Underground+station
234,Tufnell Park,N,Islington,2,22 Jun 1907,2.97,Tufnell Park,https://www.google.com/maps?q=Tufnell+Park+Underground+station
235,Turnham Green,DP,Hounslow,23,1 Jun 1877,4.68,Chiswick,https://www.google.com/maps?q=Turnham+Green+Underground+station
236,Turnpike Lane,P,Haringey,3,19 Sep 1932,7.89,Noel Park,https://www.google.com/maps?q=Turnpike+Lane+Underground+station
237,Upminster,D,Havering,6,2 Jun 1902,3.77,Upminster,https://www.google.com/maps?q=Upminster+Underground+station
238,Upminster Bridge,D,Havering,6,17 Dec 1934,0.74,Upminster Bridge,https://www.google.com/maps?q=Upminster+Bridge+Underground+station
239,Upney,D,Barking and Dagenham,4,12 Sep 1932,1.94,Barking,https://www.google.com/maps?q=Upney+Underground+station
240,Upton Park,DH,Newham,3,2 Jun 1902,7.69,Upton Park,https://www.google.com/maps?q=Upton+Park+Underground+station
241,Uxbridge,MP,Hillingdon,6,4 Jul 1904,5.76,Uxbridge,https://www.google.com/maps?q=Uxbridge+Underground+station
242,Vauxhall,V,Lambeth,12,23 Jul 1971,20.88,Vauxhall,https://www.google.com/maps?q=Vauxhall+Underground+station
243,Victoria,ODV,City of Westminster,1,24 Dec 1868,56.43,Belgravia,https://www.google.com/maps?q=Victoria+Underground+station
244,Walthamstow Central,V,Waltham Forest,3,1 Sep 1968,12.81,Walthamstow,https://www.google.com/maps?q=Walthamstow+Central+Underground+station
245,Wanstead,C,Redbridge,4,14 Dec 1947,1.88,Wanstead,https://www.google.com/maps?q=Wanstead+Underground+station
246,Warren Street,NV,Camden,1,22 Jun 1907,13.01,Fitzrovia,https://www.google.com/maps?q=Warren+Street+Underground+station
247,Warwick Avenue,B,City of Westminster,2,31 Jan 1915,2.87,Little Venice,https://www.google.com/maps?q=Warwick+Avenue+Underground+station
248,Waterloo,BJNW,Lambeth,1,10 Mar 1906,68.72,Waterloo,https://www.google.com/maps?q=Waterloo+Underground+station
249,Watford,M,Watford,7,2 Nov 1925,1.68,Cassiobury,https://www.google.com/maps?q=Watford+Underground+station
250,Wembley Central,B,Brent,4,16 Apr 1917,4.37,Wembley,https://www.google.com/maps?q=Wembley+Central+Underground+station
251,Wembley Park,JM,Brent,4,12 May 1894,15.0,Wembley Park,https://www.google.com/maps?q=Wembley+Park+Underground+station
252,West Acton,C,Ealing,3,5 Nov 1923,1.1,Acton,https://www.google.com/maps?q=West+Acton+Underground+station
253,West Brompton,D,Kensington and Chelsea,2,12 Apr 1869,4.42,West Brompton,https://www.google.com/maps?q=West+Brompton+Underground+station
254,West Finchley,N,Barnet,4,14 Apr 1940,1.2,Finchley,https://www.google.com/maps?q=West+Finchley+Underground+station
255,West Ham,DHJ,Newham,23,2 Jun 1902,4.51,West Ham,https://www.google.com/maps?q=West+Ham+Underground+station
256,West Hampstead,J,Camden,2,30 Jun 1879,7.1,West Hampstead,https://www.google.com/maps?q=West+Hampstead+Underground+station
257,West Harrow,M,Harrow,5,17 Nov 1913,0.94,Harrow,https://www.google.com/maps?q=West+Harrow+Underground+station
258,West Kensington,D,Hammersmith and Fulham,2,9 Sep 1874,3.61,West Kensington,https://www.google.com/maps?q=West+Kensington+Underground+station
259,West Ruislip,C,Hillingdon,6,21 Nov 1948,1.14,Ruislip,https://www.google.com/maps?q=West+Ruislip+Underground+station
260,Westbourne Park,OH,City of Westminster,2,1 Feb 1866,3.21,Notting Hill,https://www.google.com/maps?q=Westbourne+Park+Underground+station
261,Westminster,ODJ,City of Westminster,1,24 Dec 1868,17.98,Westminster,https://www.google.com/maps?q=Westminster+Underground+station
262,White City,C,Hammersmith and Fulham,2,23 Nov 1947,7.39,White City,https://www.google.com/maps?q=White+City+Underground+station
263,Whitechapel,DH,Tower Hamlets,2,1 Oct 1884,14.27,Whitechapel,https://www.google.com/maps?q=Whitechapel+Underground+station
264,Willesden Green,J,Brent,23,24 Nov 1879,5.35,Willesden,https://www.google.com/maps?q=Willesden+Green+Underground+station
265,Willesden Junction,B,Brent,23,10 May 1915,4.41,Harlesden,https://www.google.com/maps?q=Willesden+Junction+Underground+station
266,Wimbledon,D,Merton,3,3 Jun 1889,11.52,Wimbledon,https://www.google.com/maps?q=Wimbledon+Underground+station
267,Wimbledon Park,D,Merton,3,3 Jun 1889,1.7,Wimbledon,https://www.google.com/maps?q=Wimbledon+Park+Underground+station
268,Wood Green,P,Haringey,3,19 Sep 1932,9.12,Wood Green,https://www.google.com/maps?q=Wood+Green+Underground+station
269,Wood Lane,OH,Hammersmith and Fulham,2,12 Oct 2008,4.13,Shepherd's Bush,https://www.google.com/maps?q=Wood+Lane+Underground+station
270,Woodford,C,Redbridge,4,14 Dec 1947,4.24,Woodford,https://www.google.com/maps?q=Woodford+Underground+station
271,Woodside Park,N,Barnet,4,12 Apr 1940,3.47,Woodside Park,https://www.google.com/maps?q=Woodside+Park+Underground+station
